prediction,probability
0,0.2902893902305349
1,0.6116304524598476
0,0.39321635538947386
0,0.24730146516979348
0,0.32593501756223076
1,0.6034098828928895
0,0.42420356970990025
0,0.499345669766156
0,0.4907836146824287
0,0.4338073296623758
1,0.5024482891085849
1,0.5049868699032131
0,0.47908708220793267
0,0.39619138356371786
0,0.2614508856656318
0,0.43150377981686183
0,0.42974735058174013
0,0.4717694295088186
0,0.46780591318082104
1,0.504701777884448
