{
    "dataset_version": "data_v12.csv",
    "timestamp": "2026-01-20T15:52:48.993675",
    "classification_report": {
        "0": {
            "precision": 0.582089552238806,
            "recall": 0.6842105263157895,
            "f1-score": 0.6290322580645161,
            "support": 114.0
        },
        "1": {
            "precision": 0.660377358490566,
            "recall": 0.5555555555555556,
            "f1-score": 0.603448275862069,
            "support": 126.0
        },
        "accuracy": 0.6166666666666667,
        "macro avg": {
            "precision": 0.621233455364686,
            "recall": 0.6198830409356726,
            "f1-score": 0.6162402669632925,
            "support": 240.0
        },
        "weighted avg": {
            "precision": 0.62319065052098,
            "recall": 0.6166666666666667,
            "f1-score": 0.6156006674082313,
            "support": 240.0
        }
    },
    "roc_auc": 0.6241993873572822,
    "confusion_matrix": [
        [
            78,
            36
        ],
        [
            56,
            70
        ]
    ]
}