{
    "dataset_version": "data_v7.csv",
    "timestamp": "2026-01-19T13:12:56.477765",
    "classification_report": {
        "0": {
            "precision": 0.6494252873563219,
            "recall": 0.9416666666666667,
            "f1-score": 0.7687074829931972,
            "support": 120.0
        },
        "1": {
            "precision": 0.8939393939393939,
            "recall": 0.49166666666666664,
            "f1-score": 0.6344086021505376,
            "support": 120.0
        },
        "accuracy": 0.7166666666666667,
        "macro avg": {
            "precision": 0.7716823406478579,
            "recall": 0.7166666666666667,
            "f1-score": 0.7015580425718675,
            "support": 240.0
        },
        "weighted avg": {
            "precision": 0.7716823406478579,
            "recall": 0.7166666666666667,
            "f1-score": 0.7015580425718675,
            "support": 240.0
        }
    },
    "roc_auc": 0.7185416666666667,
    "confusion_matrix": [
        [
            113,
            7
        ],
        [
            61,
            59
        ]
    ]
}