{
    "dataset_version": "data_v4.csv",
    "timestamp": "2026-01-16T22:51:32.430433",
    "classification_report": {
        "0": {
            "precision": 0.7096774193548387,
            "recall": 0.5789473684210527,
            "f1-score": 0.6376811594202898,
            "support": 114.0
        },
        "1": {
            "precision": 0.673469387755102,
            "recall": 0.7857142857142857,
            "f1-score": 0.7252747252747253,
            "support": 126.0
        },
        "accuracy": 0.6875,
        "macro avg": {
            "precision": 0.6915734035549703,
            "recall": 0.6823308270676691,
            "f1-score": 0.6814779423475075,
            "support": 240.0
        },
        "weighted avg": {
            "precision": 0.690668202764977,
            "recall": 0.6875,
            "f1-score": 0.6836677814938684,
            "support": 240.0
        }
    },
    "roc_auc": 0.7664995822890559,
    "confusion_matrix": [
        [
            66,
            48
        ],
        [
            27,
            99
        ]
    ]
}