{
    "dataset_version": "data_v5.csv",
    "timestamp": "2026-01-18T21:00:50.714379",
    "classification_report": {
        "0": {
            "precision": 0.7041420118343196,
            "recall": 0.9754098360655737,
            "f1-score": 0.8178694158075601,
            "support": 122.0
        },
        "1": {
            "precision": 0.9577464788732394,
            "recall": 0.576271186440678,
            "f1-score": 0.7195767195767195,
            "support": 118.0
        },
        "accuracy": 0.7791666666666667,
        "macro avg": {
            "precision": 0.8309442453537794,
            "recall": 0.7758405112531259,
            "f1-score": 0.7687230676921398,
            "support": 240.0
        },
        "weighted avg": {
            "precision": 0.8288308747951217,
            "recall": 0.7791666666666667,
            "f1-score": 0.7695421734940635,
            "support": 240.0
        }
    },
    "roc_auc": 0.7563212003334259,
    "confusion_matrix": [
        [
            119,
            3
        ],
        [
            50,
            68
        ]
    ]
}