{
    "classification_report": {
        "0": {
            "precision": 0.8531468531468531,
            "recall": 0.9878542510121457,
            "f1-score": 0.9155722326454033,
            "support": 247.0
        },
        "1": {
            "precision": 0.625,
            "recall": 0.10638297872340426,
            "f1-score": 0.18181818181818182,
            "support": 47.0
        },
        "accuracy": 0.8469387755102041,
        "macro avg": {
            "precision": 0.7390734265734266,
            "recall": 0.547118614867775,
            "f1-score": 0.5486952072317925,
            "support": 294.0
        },
        "weighted avg": {
            "precision": 0.8166743970315399,
            "recall": 0.8469387755102041,
            "f1-score": 0.7982714149961536,
            "support": 294.0
        }
    },
    "roc_auc": 0.7831854595572402,
    "confusion_matrix": [
        [
            244,
            3
        ],
        [
            42,
            5
        ]
    ]
}